x,rho,u,p
0,1,0,1
0.01,1,0,1
0.02,1,0,1
0.03,1,0,1
0.04,1,0,1
0.05,1,0,1
0.06,1,0,1
0.07,1,0,1
0.08,1,0,1
0.09,1,0,1
0.1,1,0,1
0.11,1,0,1
0.12,1,0,1
0.13,1,0,1
0.14,1,0,1
0.15,1,0,1
0.16,1,0,1
0.17,1,0,1
0.18,1,0,1
0.19,1,0,1
0.2,1,0,1
0.21,1,0,1
0.22,1,0,1
0.23,1,0,1
0.24,1,0,1
0.25,1,0,1
0.26,1,2.46924e-17,1
0.27,1,3.82905e-16,1
0.28,1,5.76357e-15,1
0.29,1,7.5043e-14,1
0.3,1,9.16166e-13,1
0.31,1,1.04048e-11,1
0.32,1,1.17438e-10,1
0.33,1,1.24385e-09,1
0.34,1,1.01308e-08,1
0.35,1,7.02882e-08,1
0.36,1,4.71586e-07,0.999999
0.37,0.999997,2.86053e-06,0.999997
0.38,0.999985,1.56506e-05,0.999981
0.39,0.999927,7.69007e-05,0.999906
0.4,0.999677,0.000337619,0.999588
0.41,0.998735,0.00131646,0.998389
0.42,0.995615,0.00452821,0.994444
0.43,0.986658,0.0136413,0.983236
0.44,0.964756,0.0357362,0.95622
0.45,0.920179,0.0808546,0.902316
0.46,0.846745,0.156989,0.81589
0.47,0.750575,0.261095,0.706835
0.48,0.648167,0.376924,0.596249
0.49,0.552796,0.487009,0.498924
0.5,0.469381,0.578145,0.418901
0.51,0.398001,0.64426,0.35429
0.52,0.337698,0.681091,0.302264
0.53,0.287763,0.679512,0.260877
0.54,0.246567,0.635799,0.2269
0.55,0.212577,0.551217,0.197312
0.56,0.184679,0.434212,0.170186
0.57,0.162401,0.301865,0.145597
0.58,0.145831,0.17867,0.125549
0.59,0.135015,0.087734,0.112053
0.6,0.129127,0.036004,0.104834
0.61,0.126483,0.0127915,0.101701
0.62,0.125476,0.00407008,0.100539
0.63,0.125139,0.001182,0.100156
0.64,0.125037,0.00031577,0.100042
0.65,0.125009,7.78097e-05,0.10001
0.66,0.125002,1.76985e-05,0.100002
0.67,0.125,3.71637e-06,0.1
0.68,0.125,7.21003e-07,0.1
0.69,0.125,1.23883e-07,0.1
0.7,0.125,2.05458e-08,0.1
0.71,0.125,3.77722e-09,0.1
0.72,0.125,5.59592e-10,0.1
0.73,0.125,7.25443e-11,0.1
0.74,0.125,8.62967e-12,0.1
0.75,0.125,9.42579e-13,0.1
0.76,0.125,9.43294e-14,0.1
0.77,0.125,8.64217e-15,0.1
0.78,0.125,7.09662e-16,0.1
0.79,0.125,3.08242e-17,0.1
0.8,0.125,0,0.1
0.81,0.125,0,0.1
0.82,0.125,0,0.1
0.83,0.125,0,0.1
0.84,0.125,0,0.1
0.85,0.125,0,0.1
0.86,0.125,0,0.1
0.87,0.125,0,0.1
0.88,0.125,0,0.1
0.89,0.125,0,0.1
0.9,0.125,0,0.1
0.91,0.125,0,0.1
0.92,0.125,0,0.1
0.93,0.125,0,0.1
0.94,0.125,0,0.1
0.95,0.125,0,0.1
0.96,0.125,0,0.1
0.97,0.125,0,0.1
0.98,0.125,0,0.1
0.99,0.125,0,0.1
1,0.125,0,0.1
